{"cameraMode":{"drawMode":0,"name":"Shaded","section":"Shading Mode"},"sceneLighting":false,"audioPlay":false,"sceneViewState":{"m_AlwaysRefresh":false,"showFog":true,"showSkybox":false,"showFlares":true,"showImageEffects":true,"showParticleSystems":true,"showVisualEffectGraphs":true,"m_FxEnabled":true},"in2DMode":false,"pivot":{"x":0.43683362007141116,"y":0.253764808177948,"z":2.8017091751098635},"rotation":{"x":-0.018358489498496057,"y":0.7023905515670776,"z":-0.018137063831090928,"w":-0.7112995386123657},"size":0.8292481303215027,"orthographic":false}