{"cameraMode":{"drawMode":0,"name":"Shaded","section":"Shading Mode"},"sceneLighting":true,"audioPlay":false,"sceneViewState":{"m_AlwaysRefresh":false,"showFog":true,"showSkybox":true,"showFlares":true,"showImageEffects":true,"showParticleSystems":true,"showVisualEffectGraphs":true,"m_FxEnabled":true},"in2DMode":false,"pivot":{"x":823.2271118164063,"y":-21.94825553894043,"z":-0.95318603515625},"rotation":{"x":-0.016794543713331224,"y":-0.044045500457286838,"z":0.0007126687560230494,"w":-0.998853862285614},"size":419.02862548828127,"orthographic":false}