{"cameraMode":{"drawMode":0,"name":"Shaded","section":"Shading Mode"},"sceneLighting":true,"audioPlay":false,"sceneViewState":{"m_AlwaysRefresh":false,"showFog":true,"showSkybox":true,"showFlares":true,"showImageEffects":true,"showParticleSystems":true,"showVisualEffectGraphs":true,"m_FxEnabled":true},"in2DMode":false,"pivot":{"x":1.2991033792495728,"y":1.6991859674453736,"z":16.916685104370118},"rotation":{"x":0.0033715195022523405,"y":-0.6623038053512573,"z":0.0029803954530507328,"w":0.749222457408905},"size":20.381254196166993,"orthographic":true}